Date,Country,Injuries/Casualties,Type,Description,Source(s)
2011-10-15,United States,3,Transport,"Three teenagers (two sisters and a friend) were killed by a train while posing for a selfie that was found on their phone. Shortly before, they posted the message ""Standing right by a train ahaha this is awesome!!!!"" to Facebook.","['cite_ref-8', 'cite_ref-9']"
2014-03-01,Spain,1,Electrocution,A 21-year-old man was electrocuted after climbing on top of a train to take a selfie with friends and touching a wire that (contrary to the assumptions of the group) turned out to be live. One of the friends was hospitalized in serious condition.,['cite_ref-10']
2014-03-01,Russia,1,Transport,"A train driver saw two people near the train tracks in front of them and applied the emergency brake and sounded the horn. One of the people on the tracks moved away and the second, a 15-year-old, was attempting to take a selfie when a collision occurred with the train and they were killed.",['cite_ref-11']
2014-04-01,United States,1,Transport,"A 32-year-old woman from North Carolina was driving when her vehicle veered across the center median, collided with a recycling truck, left the road, hit a tree, and burst into flames – moments after posting selfies online when she heard Pharrell Williams' song ""Happy"". The truck driver was unharmed.","['cite_ref-12', 'cite_ref-13']"
2014-04-22,Russia,1,Fall,"A 17-year-old girl fell 30 ft to her death after being hit by 1,500 volts when attempting to grab live wires on a railway bridge.",['cite_ref-14']
2014-05-01,India,1,Transport,A 15-year-old boy was killed by a train while posing for a selfie on the tracks.,['cite_ref-15']
2014-05-31,United States,2,Transport,"A 29-year-old amateur pilot allegedly took selfies using a GoPro camera before his plane crashed, killing himself and the passenger on board.",['cite_ref-16']
2014-06-01,Italy,1,Fall,A 16-year-old girl died in Taranto after plunging 60 feet onto rocks while she was trying to take a photograph of herself on the seafront.,['cite_ref-17']
2014-07-01,Philippines,1,Fall,"A 14-year-old high school student in the Philippines fell to her death after losing her balance while taking a selfie with a friend near a staircase landing of their school in suburban Pasig.  According to doctors, she sustained a sharp blow to the head from the fall and broke a rib which pierced a kidney.",['cite_ref-18']
2014-07-24,Belgium,1,Transport,A 12 year-old was with a second person taking selfies near a railway track. A train arrived and they went back down onto the train tracks to retrieve their bags. As they were waiting for the train to leave a second train approached that they did not hear. The second person jumped away before the train collided with them and the 12 year-old was hit by the train and killed.,"['cite_ref-19', 'cite_ref-20']"
2014-08-01,Philippines,1,Firearm,A 15-year-old boy in the Philippines was critically wounded after accidentally shooting himself while taking a selfie in which his other hand was holding a gun to his chin.,['cite_ref-21']
2014-08-02,Mexico,1,Firearm,A 21-year-old man was drinking with friends and took a selfie to post on Facebook. He posed with a gun pointed at his face. The man accidentally shot himself and he was declared dead at the scene.,['cite_ref-22']
2014-08-01,Portugal,2,Fall,A Polish couple fell to their death off a cliff in Portugal after crossing a safety barrier to take a selfie with their children. Their two children who were present at the scene survived.,['cite_ref-23']
2014-08-01,India,1,Electrocution,"In Kerala, a 14-year-old boy was electrocuted while attempting to take a selfie on top of a stationary train.",['cite_ref-24']
2014-08-01,United States,1,Transport,"A 36-year-old man, of Niagara, N.D., struck and killed a 54-year-old woman of Portland, N.D., while driving. She was riding a bicycle and he was distracted as he took a selfie, striking her from behind with his vehicle.",['cite_ref-25']
2014-10-01,Philippines,1,Drowned,An 18-year-old woman in the Philippines was posing for a group selfie on a beach with friends. She was captured by a strong wave and drowned.,"['cite_ref-26', 'cite_ref-27', 'cite_ref-28']"
2014-11-01,Spain,1,Fall,"A 23-year-old student from Poland fell to her death while trying to take a selfie on the ledge of the Triana Bridge in Seville, Spain.","['cite_ref-29', 'cite_ref-30']"
2015-01-01,South Africa,1,Fall,"A 21-year-old woman died after falling from Northcliff Hill, Johannesburg, as a male companion was setting up a tripod for a selfie. Reports vary as to the identity of the companion.","['cite_ref-31', 'cite_ref-32']"
2015-01-01,Russia,2,Other,Two young men died in the Ural Mountains after they pulled the pin from a live hand grenade to take a selfie. The phone with the picture remained as evidence of the circumstance of their deaths.,['cite_ref-33']
2015-01-01,India,3,Transport,"Three students aged 20 to 22 died trying to take a ""daredevil selfie"" close to an oncoming train on railway tracks of Mathura, near Kosikala.",['cite_ref-34']
2015-02-04,India,1,Transport,"An Israeli man traveling on a train from Mumbai to Goa in India was attempting to take a selfie and fell out of the moving train, resulting in his death.",['cite_ref-35']
2015-02-21,United States,1,Transport,"A man in Kalama, Washington, stepped out onto a railroad track to take a selfie with himself and a woman with a passing train in the background. The man misjudged which track the oncoming train was on and was struck and died at the scene.",['cite_ref-36']
2015-03-01,India,7,Drowned,"Seven youths drowned while taking selfies on Mangrul Lake near Kuhi, about 20 km from Nagpur, India. Their boat had tipped over as they were standing up to pose.","['cite_ref-37', 'cite_ref-38']"
2015-04-01,Italy,1,Fall,"A 60-year-old German tourist skiing in the Trentino-Alto Adige region of Italy was reported missing when he failed to pick up his children from ski school. Subsequent investigation found that while skiing alone, he took off his skis and went off-trail to take a selfie next to a cliff, where he slipped and plunged 200 metres to his death.",['cite_ref-39']
2015-04-01,Serbia,1,Transport,"A 22-year-old man was trying to recreate a scene from his favorite movie Barking at the Stars by running in front of a train, beating it and being hailed a hero. As he ran in front of the train, he tried to take a selfie to document the scene. He was killed instantly when the express train hit him at full speed in the village of Laćarak near the northern Serbian town of Sremska Mitrovica.",['cite_ref-40']
2015-05-01,Romania,2,Electrocution,"An 18-year-old woman died when she attempted to take the ""ultimate selfie"", posing with a friend on top of a train in the north-eastern Romanian city of Iași when her leg touched a live wire above which electrocuted her with 27,000 volts. A 17-year-old friend who accompanied her was hospitalised.",['cite_ref-41']
2015-05-01,Russia,1,Electrocution,A teenage boy climbed on a railway bridge in Ryazan Oblast of Russia to take a selfie and died when he came in contact with live wires.,['cite_ref-42']
2015-05-01,Russia,1,Firearm,"A 21-year-old woman asked a security guard at her office to give her a 9-millimeter rubber-bullet pistol for taking a selfie and accidentally shot herself in the head, sustaining heavy injuries.",[None]
2015-05-01,Indonesia,1,Fall,A 21-year-old man from Yogyakarta fell into the crater of Mount Merapi while attempting to take a selfie and died.,"['cite_ref-43', 'cite_ref-44']"
2015-05-01,Indonesia,1,Fall,"A Singaporean tourist died after falling into the sea while taking a selfie on a cliff in Nusa Lembongan, an island off the coast of Bali.",['cite_ref-45']
2015-06-01,Pakistan,1,Firearm,"A 15-year-old boy in Pakistan was taking selfies with a toy gun when police opened fire on him, killing him.",['cite_ref-46']
2015-06-01,Russia,2,Electrocution,"Two teenage girls were electric shocked, but survived, at a railroad yard in the city of Taganrog in southern Russia. They tried to climb on the tank car of an old freight train that was standing at the platform in order to take a selfie, but did not realize it was still in use and on a live track.",['cite_ref-47']
2015-06-01,Croatia,1,Fall,A 54-year-old Slovak tourist visiting Plitvice Lakes National Park in Croatia fell to her death from a rock while taking a selfie.,"['cite_ref-dnpk_48-0', 'cite_ref-ctvnews_49-0']"
2015-07-01,Russia,1,Fall,A 21-year-old university graduate died after falling from a bridge while she was trying to take a memorable selfie next to the Moscow International Business Center.,['cite_ref-50']
2015-07-01,United States,1,Animal,A man from San Diego was hospitalised for five days following an attempt to take a selfie with a rattlesnake which then bit him.,['cite_ref-51']
2015-07-01,United States,1,Animal,A woman in Yellowstone National Park was gored by an American bison while taking a selfie. She was treated for injuries.,['cite_ref-52']
2015-07-01,United Kingdom,1,Electrocution,A man was fatally struck by lightning at Brecon Beacons supposedly due to the selfie stick he had attracting the bolt.,['cite_ref-53']
2015-07-01,Philippines,1,Transport,"A woman vacationing in Pagudpud, Ilocos Norte, asked her family to stop their car so she could take a selfie by the side of the road with a scenic view. She was hit by a speeding motorcycle while taking the picture. She was taken to hospital and died. The driver of the motorcycle was a minor.",['cite_ref-54']
2015-08-09,Spain,1,Animal,A man was gored to death in the annual bull-running festival in the town of Villaseca de la Sagra while trying to take a selfie with a bull.,"['cite_ref-55', 'cite_ref-56']"
2015-08-01,China,1,Fall,"A man was discovered with his phone and selfie stick at the bottom of a 100-foot cliff at Long Men waterfall in Zhejiang. Based on photographic evidence on his phone, local police speculated that he lost his footing while taking a selfie and fell to his death. It was not known when he died or how long his body had been there.",[]
2015-08-01,Russia,1,Electrocution,A 14-year-old girl died after being shocked with a live wire when trying to take a selfie on a train.,['cite_ref-57']
2015-09-01,United States,1,Firearm,A 19-year-old from Houston died after trying to take an Instagram selfie while holding a loaded gun to his head. He accidentally fired the gun and shot himself in the throat.,['cite_ref-58']
2015-09-01,India,1,Fall,"A Japanese tourist fell down a staircase to his death while taking a selfie at the Taj Mahal, Agra, India.",['cite_ref-59']
2015-09-01,Russia,1,Fall,"A 17-year-old student, Andrey Retrovsky from Vologda, Russia, fell to his death attempting to take a selfie while hanging from a rope from a nine-story building. The rope snapped. Retrovsky was known for taking 'extreme' selfies and posting them to his Instagram account ""drewsssik"".","['cite_ref-60', 'cite_ref-61']"
2015-09-01,India,1,Fall,"An engineering student died while taking selfies with friends at Kolli Hills, Namakkal, Tamil Nadu, when the rock on which he was standing cracked and gave way, plunging him 60 feet and causing his death from head injuries.","['cite_ref-62', 'cite_ref-63']"
2015-10-01,Spain,1,Electrocution,A 14-year-old from Barcelona was hospitalised with electric shock after trying to take a selfie on the roof of a train car.,['cite_ref-64']
2015-10-01,Chile,1,Other,"A 68-year-old Belgian woman was visiting the El Tatio geyser field located within the Andes Mountains of northern Chile. While attempting to take a selfie in front of an active geyser she stepped backwards and fell into the scalding hot water. Her husband pulled her out, but she died in hospital days later from burns over 85 percent of her body.",['cite_ref-65']
2015-11-01,India,2,Drowned,"Two engineering students of Wadhwan, Gujarat, drowned in Narmada Canal after slipping down the bank while taking selfies.",['cite_ref-66']
2015-11-01,India,2,Transport,"A first-year student of College Sourav Dey died and another was critically injured in the Kalyani area in Nadia district of West Bengal, India, as they were run over by a train while they were taking selfies.",['cite_ref-67']
2015-11-01,India,1,Electrocution,"A 14-year-old boy, who was trying to take a selfie atop a stationary train wagon at Nahur station yard in Mumbai, was electrocuted and died a few hours later. He accidentally came in contact with a 25,000-volt overhead wire and suffered 80 percent burns.","['cite_ref-68', 'cite_ref-intoday.in_69-0']"
2015-12-01,Pakistan,1,Transport,"A 22-year-old man, the son of a railway employee of Rawalpindi, Pakistan, died while attempting to take a selfie while standing on the track in front of a moving train.",['cite_ref-70']
2015-12-01,Turkey,2,Transport,"Five teenagers lay down in the middle of the road near an airport to take a selfie with a plane landing in the background. It was at night, and a truck driver did not see them and accidentally ran them over, killing two of them. The teenagers had been drinking.",['cite_ref-71']
2016-01-01,India,1,Transport,"A 16-year-old boy was killed by a passenger train while taking a selfie with an approaching train in Chennai, India. The teen reportedly walked in front of the train and waited for it to come closer before taking the photo.","['cite_ref-72', 'cite_ref-73']"
2016-01-05,Philippines,1,Fall,"A 19-year-old student fell to her death from the top of a 20-story apartment building in Manila, Philippines, while taking a selfie. According to her classmate, ""she was not satisfied with the photos they had taken so she decided to climb up the parapet wall"".",['cite_ref-74']
2016-01-07,Brazil,1,Fall,"A 27-year-old man fell into the sea and died after an attempt to take a selfie on the rocks of Cantão do Indaiá in Bertioga, on the coast of São Paulo.",['cite_ref-75']
2016-01-09,India,1,Fall,"A 20-year-old fell to his death while taking a selfie from the top of the Reasi Fort at Jammu and Kashmir, India.",['cite_ref-76']
2016-01-09,India,2,Drowned,"A 20-year-old college student drowned at Bandstand Promenade in Bandra, Mumbai. She is believed to have been swept away in the high tide. According to the woman's friends, they were taking selfies, standing on the rock, close to the Bandra-Worli Sea Link (BWSL). ""The girls were standing 50 metres away from the shore when the water suddenly rose. They did not notice water rising and remained on the rock taking pictures (selfies). One of the girls was pulled into the water due to high tide."" A man also drowned after going into the water to rescue the girl.","['cite_ref-77', 'cite_ref-78', 'cite_ref-79']"
2016-02-12,India,3,Drowned,"Three students of Mandya Institute of Medical Sciences drowned after falling in an irrigation canal in Hulivana village, 180 km from Bengaluru, India, reportedly while they were taking selfies.",['cite_ref-80']
2016-02-13,India,2,Drowned,"An 18-year-old college student drowned after falling off of the Waldevi Dam in Nashik, India, while taking a selfie. His 18-year-old friend jumped into the water in an attempt to save him, but also drowned.","['cite_ref-81', 'cite_ref-82']"
2016-02-22,India,5,Fall,"Five people in Anjuna, Goa, fell off a cliff and were injured after a gate they were leaning on gave way during a group selfie.",['cite_ref-83']
2016-02-29,Nepal,1,Drowned,A Nepalese woman drowned in the Narayani River. She dived into the river to save her friend who slipped into the water while the two were taking selfies together near the bank. The woman who originally fell was rescued but her friend who tried to save her died.,['cite_ref-84']
2016-03-02,United States,1,Firearm,"A 43-year-old man in Concrete, Washington, accidentally shot himself in the face with a gun and died while taking a selfie. He thought the gun was unloaded.",['cite_ref-85']
2016-03-05,Australia,1,Firearm,"A 22-year-old from Melbourne, Australia, was shot in the face with a sawn-off shotgun while posing for a selfie with the gun. The gun was fired by a friend who was holding it. The shooter fled the scene and was charged with murder.",['cite_ref-86']
2016-03-12,"Hong Kong, China",1,Fall,A 30-year-old man fell off Lion Rock in Hong Kong while taking a selfie and died.,['cite_ref-87']
2016-04-05,India,1,Fall,"A 16-year-old climbed a rock fountain at a zoo in Hyderabad, India, apparently to take a selfie. He slipped, fell into the water and may have hit his head on a rock. He was taken to hospital where his death was recorded.","['cite_ref-88', 'cite_ref-89']"
2016-04-15,India,2,Transport,"Two youths were run over by a train while taking selfies on the railway tracks at Purushottampur railway crossing in Chunar area in Mirzapur district in Uttar Pradesh, India.",['cite_ref-90']
2016-04-16,Brazil,1,Fall,A 27-year-old woman fell from a height of 35m at a waterfall in the Ibitipoca State Park in Minas Gerais. She was rescued by the fire department and survived.,['cite_ref-91']
2016-04-16,India,1,Transport,"A 16-year-old boy died while taking a selfie at a railway crossing in Saharanpur, a town in Uttar Pradesh, India.",['cite_ref-92']
2016-04-21,Brazil,1,Fall,"In Campos dos Goytacazes in Rio de Janeiro, a 32-year-old woman died after she fell in a waterfall while attempting a selfie.",['cite_ref-93']
2016-04-26,India,1,Fall,"While taking a selfie, a 25-year-old fell off the Dolphin Nose cliff near Vattakanal village, situated 8 km from the Kodaikanal Lake, Tamil Nadu, India.",['cite_ref-Veerappan_2016_94-0']
2016-05-01,India,1,Firearm,"A 15-year-old boy from Pathankot, India, died after he accidentally shot himself with his father's revolver while taking a selfie with the gun pointed at his head.","['cite_ref-ptnkt016_95-0', 'cite_ref-96']"
2016-05-01,China,2,Animal,"A Chinese businessman, at a local wildlife park in the city of Rongcheng, Shandong province, was drowned by a walrus after taking several selfies and videos with the animal. A zookeeper was also drowned in the same incident after attempting to save the man.",[]
2016-06-03,India,1,Drowned,An 18-year-old boy drowned in the Ganges river while taking a selfie after bathing with his mother and a friend in Nabadwip of West Bengal state in India.,['cite_ref-selfieaddiction_97-0']
2016-06-03,United States,1,Firearm,"A 15-year-old from Overland, Missouri, accidentally shot and killed himself while attempting to take a selfie at home posing with his father's gun.",['cite_ref-98']
2016-06-12,India,2,Drowned,"A 23-year-old fell into the water and drowned at Sindhrot Check Dam near Vadodara, India, while taking a selfie. His friend jumped into the water to save him, but he also drowned.",['cite_ref-baroda16_99-0']
2016-06-18,United States,1,Fall,"A 37-year-old EMS lieutenant of the New York City Fire Department, was mountain climbing near Lake George in the Adirondack Mountains. She was on a ledge at the top of Roaring Brook Falls preparing to take a selfie when she disappeared from sight. Rescue services found her body in the water at the base of the falls.","['cite_ref-100', 'cite_ref-101']"
2016-06-22,India,7,Drowned,"Seven people aged 16 to 31 were swept away and drowned while taking a selfie in the river Ganges in Kanpur, Uttar Pradesh, India. According to a police official, they had gone for a picnic at Kanpur Ganges Barrage when one of the party tried to take a selfie by standing on the edge of the barrage and tripped and fell into the Ganges. The river was already in spate due to rains in the region. The six others, in an attempt to save him, jumped into the river but were themselves swept away by the current.",['cite_ref-102']
2016-06-22,India,1,Fall,"A third year engineering student of a Lonavla-based college and hailing from Nashik, lost his balance while taking a selfie from the Amrutanjan Bridge and fell down next to the Mumbai Pune Expressway in Maharashtra, India. He died on the spot.","['cite_ref-103', 'cite_ref-104']"
2016-06-29,Peru,1,Fall,"A 28-year-old South Korean tourist plunged 1,600 feet (490 m) off a cliff at Gocta waterfall in the Amazonas Region of Peru. He was attempting to take a picture of himself. Divers and mountain rescue teams were brought in to recover the body submerged more than 20 feet underwater at the base of the falls.",['cite_ref-samuels_105-0']
2016-06-29,Peru,1,Fall,"A 51-year-old German tourist visiting Machu Picchu in Peru, fell 130 feet (40 m) to his death after he lost his footing while leaping into the air for a ""flying selfie"".","['cite_ref-samuels_105-1', 'cite_ref-106']"
2016-07-01,Croatia,1,Fall,"A 20-year-old Canadian tourist plunged off a viewpoint 75 meters (246 ft) high in the Plitvice Lakes National Park, Croatia, while trying to take a selfie. His fall was broken by tree branches and he survived with injuries. It was the park's second selfie accident in a year.","['cite_ref-dnpk_48-1', 'cite_ref-ctvnews_49-1']"
2016-07-02,India,1,Fall,"A 32-year-old resident of Mali Mohalla, near Saharanpur Chowk, Dehradun (India), lost his life after he fell in a 150-feet deep gorge while taking a selfie near Chunakhaal on Dehradun-Mussoorie road in Uttarakhand, India. This is not the first incident of this kind on the road. Last year, a youth died when he stepped backwards and fell into a deep gorge while his friend was clicking a picture.",['cite_ref-107']
2016-07-06,India,4,Drowned,"Four students were taking selfies near Purva waterfall on Tamas River in Rewa district of Madhya Pradesh, India. They were unaware of an oncoming flash flood and all four were swept away and drowned.",['cite_ref-108']
2016-07-12,India,1,Fall,"A 36-year-old and a friend climbed to a mountain peak at Khandala, India, against warnings. There they took selfies with a waterfall in the background, but the 36-year-old slipped and fell into a 200-foot-deep quarry and died.",['cite_ref-109']
2016-07-12,Nepal,1,Animal,"In southern Nepal, a truck driver stopped for a wild herd of 21 elephants crossing the road. The driver exited his vehicle to take a selfie with the animals. The herd attacked and killed the man.",['cite_ref-110']
2016-07-13,India,2,Drowned,"Two students drowned while taking selfies at Kosi Dam near Rampur, Uttar Pradesh, India. A group of students were taking selfies and became trapped in a vortex; the rest were saved.",['cite_ref-111']
2016-07-13,Vietnam,2,Transport,"In the province of Hung Yen, Vietnam, two men aged 21 and 28 were hit and killed by a train while taking a selfie on the tracks. Bystanders tried to shout warnings at the men but they could not hear them due to wearing earphones.",['cite_ref-112']
2016-07-17,India,2,Drowned,"A married couple ages 40 and 42, from Tirupur district of Tamil Nadu, were swept away by a ""giant wave"" in Kanyakumari, India, while they were taking a selfie.",['cite_ref-113']
2016-07-19,India,2,Fall,"In an incident reported on 19 July, two people were taking selfies at Alekan waterfall in Charmadi Ghat, India. The two, Hanumanthappa (34) and Nagabhushan (38), residents of Chitradurga district, lost balance and fell into the waterfall. They were both killed.",['cite_ref-114']
2016-07-23,India,1,Fall,"At Amboli Falls, a popular tourist destination in Sindhudurg district in Maharashtra, India, a youth fell into a 60-foot-deep gorge while taking a selfie. He died.",['cite_ref-115']
2016-07-27,India,1,Drowned,"A 24-year-old woman was swept away to her death by the swollen waters of Baandal river near Maldevta area on the outskirts of Dehradun, India. She was taking a selfie at the time of the incident, bringing the toll of selfie deaths in Dehradun to four for the year.",['cite_ref-116']
2016-07-30,India,1,Drowned,"A 20-year-old national-level athlete slipped and fell into a pond while taking a selfie near a harvesting plant at the Sports Authority of India (SAI) centre in Bhopal. She did not know how to swim. Her two companions, who also were unable to swim, ran for help. She was taken to a hospital where she was pronounced dead.","['cite_ref-117', 'cite_ref-118']"
2016-07-31,India,2,Fall,"A 24-year-old Indian man, a well-known local-level wrestler from Bhadohi, fell to his death while taking a selfie near the Vindham waterfall in Uttar Pradesh. A friend who dived into the water to rescue him was taken to the hospital in critical condition.",['cite_ref-119']
2016-08-02,United States,1,Firearm,A 22-year-old Florida woman accidentally shot her phone while taking a picture of herself for Snapchat while posing with a .40 caliber pistol. She suffered minor injuries to her hand. The phone was shattered.,['cite_ref-120']
2016-08-03,India,1,Fall,"A 22-year-old engineering student from Andhra Pradesh was vacationing with six friends in Tamil Nadu state, South India. While taking a selfie standing on the edge of a 2,000-foot-deep gorge at Vilpatti village on upper Kodaikanal hill, he slipped and plunged to his death.",['cite_ref-121']
2016-08-07,India,1,Fall,"A 27-year-old lawyer from India was visiting Mandoshi ghat, near  Bhimashanjar. She and her husband were sitting on boulders that form a safety barrier from a 100-foot gorge below. As she positioned herself for a selfie, one of the boulders came loose in wet earth, and she slipped over the edge. Her husband attempted to arrest her fall but was unable to hold on. She sustained head injuries and was taken to hospital by her husband, where she was pronounced dead.",['cite_ref-122']
2016-08-09,Pakistan,3,Drowned,"An 11-year-old Pakistani girl drowned while attempting to take a selfie at the Kunhar River, which flows through Khyber Pakhtunkhwa province in Pakistan. The girl's mother jumped into the fast-moving river to save her but she was also swept away and drowned. On seeing both his daughter and wife in trouble the father jumped in; he also drowned. The dead bodies of the mother and her daughter were found; the father's body was missing. The six-year-old son of the family was a witness of the tragedy.",['cite_ref-123']
2016-08-12,India,1,Fall,"A 22-year-old student of Kherva Ganpat University, Mehsana in Gujarat, India, climbed a glass dome on the third-floor terrace of a building to take a selfie. The fragile glass collapsed and she plunged 70 feet to the ground floor and was killed. Selfies were subsequently banned at the school in ""risky places"".",['cite_ref-124']
2016-08-12,India,4,Drowned,Four teenagers aged 15–19 took selfies in the ocean surf at Maharashtra during a storm. They were swept away by a large wave (their bodies were not recovered).,['cite_ref-125']
2016-08-15,India,1,Fall,"A class 12 student residing at Peelamedu, India, was sightseeing with friends and noticed a huge well dug in a field. While leaning over the edge of the well to take a selfie to show its depth, he slipped and fell in. The well is 120 feet deep with a water level of 60 feet. He died in the well before he could be rescued.",['cite_ref-126']
2016-08-16,India,1,Firearm,A 35-year-old Indian woman from Muzaffarnagar was taking a selfie with a gun when it fired. She sustained serious injuries.,['cite_ref-127']
2016-08-20,Pakistan,2,Drowned,"A Pakistani man drowned while attempting to take a selfie at the Kunhar River that flows through Khyber Pakhtunkhwa province in Pakistan. His cousin jumped in to save him, but she was also swept away and drowned. It was the second selfie-related death incident on the Kunhar River in August.",['cite_ref-128']
2016-08-21,Pakistan,3,Other,"Three Pakistani women were killed while taking selfies near a road at Lake Saiful Muluk. They were inside a melt hole, or cave, at the front edge of a receding glacier when the roof collapsed and they were crushed.",['cite_ref-129']
2016-09-17,India,5,Drowned,"Six young women (engineering students from Vaagdevi college of Engineering, Bollikunta) were standing on a rock at the edge of a reservoir in Warangal Urban district of Telangana, India, taking selfies. One student slipped and fell into the lake, and one after another the rest went in to save her. One student survived, five drowned.","['cite_ref-130', 'cite_ref-131']"
2016-09-18,Kenya,1,Animal,"A 66-year-old Italian tourist visiting Kenya was having breakfast with his wife in a tent at the Swara Camp in Kulalu ranch. He saw wild elephants and approached them closely. While taking a selfie he was charged by an elephant, sustained serious injuries to his leg and died at the camp.",['cite_ref-132']
2016-10-01,Nepal,1,Fall,A 19-year-old man from Nepal was taking a selfie when he slipped off a cliff and fell into Dordi stream in Lamjung district. His body was not immediately recovered.,['cite_ref-kp2016_133-0']
2016-10-01,India,2,Drowned,"Two teenagers from Hyderabad were taking selfies in a quarry recently filled with rainwater. They went too deep and, unable to swim to shore, they drowned.",['cite_ref-134']
2016-10-08,Oman,2,Drowned,"Two Sri Lankan girls were visiting Ain Garziz in Oman with their families. While at a picnic, they were taking selfies near a deep spring. One girl slipped into the spring and grabbed the hand of the other. She was unable to pull her companion out and was dragged down into the water where both of the girls drowned.",['cite_ref-135']
2016-10-09,India,1,Fall,A 25-year-old Indian man fell to his death while taking a selfie with his friends at Lion's Point Valley near Lonavla. He slipped and fell 200 feet (61 m) into a gorge and died on the spot.,['cite_ref-136']
2016-10-09,Sri Lanka,1,Transport,A Chinese woman visiting Sri Lanka fell from a moving train while taking a selfie. She later died from her injuries.,['cite_ref-137']
2016-10-11,India,1,Drowned,"A student drowned in the Jaldhaka River at Bindu village, Kalimpong subdivision in West Bengal. The body was retrieved four days later.",['cite_ref-138']
2016-10-12,India,1,Drowned,"A 25-year-old software engineer fell into a river and drowned in Gajapati, Odisha, India, while taking a selfie.",['cite_ref-139']
2016-10-18,Russia,1,Fall,A 12-year-old Russian schoolgirl climbed over a balcony on the 17th floor of a building and fell while taking a selfie.,['cite_ref-140']
2016-11-11,India,2,Drowned,Two students drowned while taking selfies; they were swept away by currents in the Nagarjuna Sagar canal.,"['cite_ref-141', 'cite_ref-142']"
2017-01-01,India,1,Transport,"A 21-year-old engineering student died when he was hit by a speeding train while trying to take a selfie in Coimbatore, Tamil Nadu, India.",['cite_ref-143']
2017-01-04,Pakistan,1,Drowned,"In Sukkur, Pakistan, a man fell into the Indus River and drowned as he tried to capture his selfie at the Lansdowne Bridge Rohri. Asif Jamil, a resident of Christian Colony, was visiting the bridge with his wife for a picnic.",['cite_ref-144']
2017-01-06,Croatia,2,Electrocution,"In Rijeka, Croatia, two men climbed onto a container on a train where they wanted to take a selfie. A 20-year-old was killed and his 19-year-old friend was in serious condition, with second and third degree burns on more than 70 percent of his body as a result of an electric shock of 25,000 volts.",['cite_ref-145']
2017-01-13,India,1,Drowned,"A woman, Ashana Bhandari, fell into the Alaknanda River while she was trying to take a selfie near Koteshwar temple in Rudraprayag district in Uttarakhand, India.",['cite_ref-146']
2017-01-14,India,1,Transport,"A second-year college student died while taking a selfie in front of a running train on a railway track in Chandrakona Road, Paschim Medinipur district, West Bengal, India. He was immediately hit by the speeding train and died on the spot.",['cite_ref-147']
2017-01-14,India,2,Transport,"Two teenagers were crushed under a train while posing between two railway tracks at Anand Vihar, east Delhi. They had decided to go to the Anand Vihar railway lines to click ""daring selfies"" for their social media profiles.",['cite_ref-148']
2017-01-25,India,1,Transport,"A 22-year-old man died while attempting to take a selfie on the railway tracks near Dhuri Lines, Ludhiana, Punjab, India. A passenger train hit him while he was taking selfies.",['cite_ref-149']
2017-02-05,India,1,Fall,"A 22-year-old college student died after falling into a 50-metre-deep ravine while taking a selfie near Kolukhet on Dehradun-Mussoorie road in Uttarakhand, India.",['cite_ref-150']
2017-02-09,New Zealand,1,Drowned,"Four women were taking selfies on a rock in a river in New Zealand, ignoring a warning siren signalling a dam was about to be opened. One of the women, a 21-year-old university student, was swept to her death by the dam surge.","['cite_ref-151', 'cite_ref-152']"
2017-03-25,United States,1,Drowned,"A 14-year-old girl was standing on a log with friends at a beach in Bandon, Oregon, to pose for photos, possibly including selfies. She fell off and was pinned underwater by the log due to the receding tide. According to the girl's mother, when this occurred it was not a selfie; rather her picture was being taken by a friend.","['cite_ref-153', 'cite_ref-154']"
2017-03-25,Mexico,2,Transport,"In the city of Chínipas de Almada, Chihuahua, Mexico, two girls aged 17 and 18 went to see horse races at a track next to an airport runway. They decided to get on top of their pickup's roof, and started taking selfies as a plane was landing. The plane's wing fatally injured both girls. This would later earn them a Darwin Award.","['cite_ref-155', 'cite_ref-156']"
2017-04-13,India,5,Transport,"Police said Taraknath Makal was travelling by train with four friends – all aged between 25 and 30 years – when he reportedly leaned out of the door to take a selfie. However, he lost his footing and fell off the train. Makal's companions jumped out to save him, but ended up getting mowed down by another train coming from the opposite direction. While the four friends – Sumit Kumar, Sanjiv Polley, Kajal Saha and Chandan Polley – lost their lives, Makal later died in hospital. The incident occurred between Liluah and Belur stations, in the vicinity of Howrah, India.",['cite_ref-157']
2017-04-30,Germany,1,Transport,"A Scottish man was knocked down and killed after trying to take a selfie on a German motorway. He was with two friends when he was hit by a car on the A24 Autobahn in Gudow, near Hamburg. Witnesses reported seeing the three men taking ""cell phone pictures of themselves"".",['cite_ref-158']
2017-05-08,India,1,Drowned,A 21-year-old engineering student slipped from a rock and drowned near Bandra Fort in Mumbai after trying to take a selfie with her mother and sister.,['cite_ref-159']
2017-05-24,India,2,Drowned,"Two youths 21 and 22 years old from Hooghly district, India, drowned in a fish pond while taking a selfie as they did not know how to swim. They were taking selfies in waist-deep water but suddenly, the duo slipped from the bank and went underwater. The locals first failed to find their bodies. Later, divers from Kolkata recovered both the bodies from the pond.",['cite_ref-160']
2017-05-30,India,2,Transport,"At Alwal Railway station near Secunderabad, India, a man died while another lost his hand when the duo was run over by a moving train while taking selfies.",['cite_ref-161']
2017-06-07,India,1,Animal,A man in Dhenkanal district was seriously injured by a wild elephant when he tried to take a selfie with the animal.,['cite_ref-162']
2017-06-11,Sri Lanka,2,Transport,"Two youths from same family in Sri Lanka were killed when they were hit by a train while they were taking a selfie standing on the rail track. According to the police, the two brothers, aged 25 and 12, were standing on the coastal train track between the Bambalapitiya and Kollupitiya stations and attempting to take a selfie when they were hit by  Aluthgama bound express train from Maradana to Galle.",['cite_ref-163']
2017-06-11,Russia,4,Transport,"Four children aged 10 to 13 were hit by a train while trying to take a selfie on a railway line in Nadezhdinsky District of Primorsky Krai, 43 km northwest of Vladivostok, Russia. Three were killed and one survived with injuries.","['cite_ref-164', 'cite_ref-165']"
2017-06-13,Sri Lanka,2,Transport,"A 24-year-old groom was killed and his bride seriously injured when the newly-wed couple tried to take a selfie on the railway track at Kahawa, in the Southern Province, Sri Lanka. According to eyewitnesses, the couple had ignored warning signals given by the people in the area saying that the train was coming.",['cite_ref-166']
2017-06-13,Russia,1,Electrocution,"A 15-year-old boy was killed when he tried to climb onto a high-voltage wire to take a selfie in Perm Krai, Russia.",[]
2017-06-16,Russia,1,Electrocution,"A 17-year-old boy was killed when he took a selfie near a high-voltage electric cable in Novosibirsk Oblast, Russia.",[]
2017-06-17,Russia,1,Electrocution,"A 14-year-old girl was electrocuted when taking a selfie on a railway bridge in Moscow Oblast, Russia, when her head accidentally touched the overhead wires.",[]
2017-06-22,United Kingdom,1,Fall,A 23-year-old woman from South Korea fell from Seaford Head while jumping in the air to pose for a photo.,['cite_ref-167']
2017-06-27,India,1,Drowned,A 17-year-old girl drowned in Mumbai when taking selfies with her friends. She was swept away by a strong wave.,['cite_ref-168']
2017-07-01,Nigeria,2,Drowned,"Four undergraduate students of the Federal University of Technology, Akure, Nigeria, were taking selfies in a canoe while boating on a campus pond. The canoe capsized. Two students who could swim barely made it to safety while two others drowned.",['cite_ref-169']
2017-07-10,India,8,Drowned,The boat capsized in Vena reservoir near Nagpur when a group of friends were taking selfie and broadcasting on Facebook live.,['cite_ref-170']
2017-07-16,India,48,Fire,"48 people were injured when standing too close to a burning bakery in Chennai, India, to take selfies. They repeatedly ignored warnings advising them to move away from the blaze.",['cite_ref-171']
2017-07-25,India,1,Animal,"A 30-year-old man sneaked into the Bannerghatta Biological Park near Bangalore, India, with friends to take selfies with an elephant that later trampled him to death.",['cite_ref-172']
2017-07-26,Hungary,1,Fall,A local girl fell off a bridge in Budapest suffering serious injuries while taking a selfie.,['cite_ref-173']
2017-07-26,India,1,Drowned,"An 18-year-old was swept into the sea and drowned while he was taking a selfie at a beach in Mumbai, India, during high tide.",['cite_ref-174']
2017-08-11,India,1,Electrocution,"A 17-year-old boy climbed on top of a train in Ambarnath, India, to take a selfie but came into contact with a live wire, suffering severe injuries from the resulting electric shock.",['cite_ref-175']
2017-08-26,India,1,Electrocution,"A 17-year-old boy attempted to take a selfie on top of a train carriage in Tambaram railway station, India. He touched a live wire, suffered severe burns from electric shock and died four days later.",['cite_ref-176']
2017-09-02,India,1,Animal,"A youth in Rourkela, Odisha, was trampled to death by a wild elephant while trying to take a selfie with the animal.",['cite_ref-177']
2017-09-12,United Kingdom,1,Transport,"A 41-year-old woman from New Zealand who took a selfie as she rode her bike died after she fell off shortly afterwards, following a night out to celebrate her mum's birthday in London. Graphic designer and mother-of-two was with mum when they rode home from the pub and the accident happened, an inquest into Greenway's was told on Thursday. The 41-year-old had drunk two cocktails and four glasses of wine. But she was not wearing a helmet and may have been riding relaxed and one-handed when she tumbled to the floor, suffering fatal head injuries.",['cite_ref-178']
2017-09-16,Malaysia,1,Fall,"A 20-year-old man believed to be taking a selfie died after he fell from the 16th floor of a resort hotel in Genting Highlands, Pahang, Malaysia. It is believed that he had climbed a wall on the 16th floor of the hotel's car park to take photographs when he slipped and fell.",['cite_ref-179']
2017-11-12,United Kingdom,1,Fall,A 20-year-old woman from New Zealand died on 14 November after she allegedly attempted to take a selfie near a second-storey window in London. She suffered a serious brain injury as a result of the fall.,['cite_ref-180']
2017-12-25,Mexico,1,Fall,"A 20-year-old woman from Aguascalientes (Mexico) died during a selfie session in the Malpaso Dam, a popular spot in the State of Aguascalientes. According to witnesses, she accessed a restricted zone to take the selfie before slipping and falling 15 meters, dying from severe craneoencephalic traumatism.",['cite_ref-181']
2018-01-08,Croatia,1,Electrocution,"In Zagreb, Croatia, 14-year-old boy climbed onto the roof of a train cargo wagon where he wanted to take a selfie. He was electrocuted and his body ""burned like a torch."" Firefighters were unable to take action until the train's power was turned off.",['cite_ref-182']
2018-01-11,Colombia,1,Fall,"In Gámbita, Santander, Colombia, a 19-year-old girl fell while trying to take a selfie at ""Manto de la Virgen"" falls.",['cite_ref-183']
2018-01-24,India,1,Transport,"A 22-year-old Indian man was struck by a train while recording a selfie video very close to some train tracks. His selfie video captured the entire incident, showing the man being struck after brazenly ignoring the train's horn. The video released went viral, However, some media are reporting that it was a hoax and that the man is still alive with no injuries.",[None]
2018-02-09,Thailand,2,Transport,"A 24-year-old Thai woman died as a result of her injuries when a train hit her while attempting to take a photo with an outgoing train in the background near Samsen train station in Bangkok's Phaya Thai District. A man, believed to be a colleague of the victim, was knocked unconscious by the train, suffering a head injury and a broken arm.",['cite_ref-184']
2018-03-11,United States,5,Drowned,"Five passengers aboard a sightseeing helicopter (with doors off) drowned after a passenger allegedly tried to take a 'shoe selfie', leading to the passenger's safety tether getting caught in the emergency fuel shutoff lever. A shoe selfie is when the person's shoes can be seen while looking out of the open doorway of a helicopter.",['cite_ref-185']
2018-04-20,Greece,1,Fall,"In Keratsini, Greece, a 16-year-old boy died after he fell from a height of 60 meters after climbing on a rock to take a selfie at a park.",['cite_ref-186']
2018-04-22,Brazil,3,Fall,"In Castelo do Piauí, Piauí, Brazil, A 22-year-old woman and two girls aged 16 and 15 fell from a height of 10 meters while taking a selfie on a bridge in Piauí, Northeast Brazil, when the platform on the side of the bridge collapsed. They suffered fractures.",['cite_ref-187']
2018-04-30,Brazil,1,Fall,"At Corumbá Lake in Caldas Novas, a 34-year-old man ended up drowning, after falling off a platform in an attempt to take a selfie.",['cite_ref-188']
2018-05-02,India,1,Animal,"In Nabarangpur, Odisha, India, a man tried to take a selfie with a wounded bear and was mauled to death.",['cite_ref-189']
2018-06-11,Indonesia,1,Fall,"A 46-year-old Chinese tourist died after falling into the sea while taking a selfie on a cliff at Devil's Tears on Nusa Lembongan, an island off the coast of Bali.",['cite_ref-190']
2018-06-12,Portugal,2,Fall,"On the Praia dos Pescadores, Ericeira, Portugal, an Australian couple fell to their deaths when they tried to take a selfie on a 30-meter-high (98 ft) wall.",['cite_ref-191']
2018-07-22,Australia,1,Fall,"A 19-year-old man from West Haven, Utah, fell at Cape Solander in Kurnell near Sydney, Australia.","['cite_ref-192', 'cite_ref-193']"
2018-09-05,United States,1,Fall,An Israeli teen fell to his death while trying to take a selfie at Yosemite National Park.,['cite_ref-194']
2018-09-19,United States,1,Fall,A Californian woman fell to her death while taking selfies on the edge of a 200-foot cliff over Lake Superior at Pictured Rocks National Lakeshore.,['cite_ref-195']
2018-10-12,Panama,1,Fall,A Portuguese woman fell to her death while taking a selfie on the 27th floor balcony of a Panamanian residential building.,['cite_ref-196']
2018-10-25,United States,2,Fall,An Indian couple fell to their deaths from Taft Point at Yosemite National Park.,"['cite_ref-197', 'cite_ref-198']"
2018-11-12,Sri Lanka,1,Fall,"A German tourist died after stumbling off a precipitous cliff in Sri Lanka while taking a photo of herself. The 35-year-old woman was taking pictures with her friend when she fell off the World's End, a sheer cliff about 4,000 feet (1,200 meters) high. The Sri Lankan army and volunteers recovered the body after a six-hour search involving air support and climbing. World's End is located in Horton Plains National Park in central Sri Lanka and is one of the Indian Ocean island's biggest tourist attractions.",['cite_ref-199']
2019-01-04,Ireland,1,Fall,"A young Indian man died after falling off the Cliffs of Moher, County Clare, while taking a photo of himself.","['cite_ref-200', 'cite_ref-201']"
2019-01-10,Colombia,1,Fall,"A 32-year-old man died after fall down in a waterfall in Sucre (Cauca), while he attempted to take a photo of himself.",['cite_ref-202']
2019-03-09,United States,1,Animal,"A woman was mauled by a jaguar in Arizona after entering a zoo enclosure to take a selfie. She received non-life-threatening injuries, including a large gash on her arm.
Note: Although widely reported as a selfie incident, the victim claimed in a later CBS News interview that she was not taking a selfie, and did not enter the zoo enclosure—she only reached across a below-waist-height concrete planter in front of a much higher fenced enclosure—misleadingly termed ""climbing"" or ""crossing"" a barrier.",['cite_ref-203']
2019-04-01,Uganda,1,Drowned,"A person visiting Kalagala Falls leaned back to take a selfie, slipped on the wet ground, fell, and drowned.",['cite_ref-204']
2019-04-24,Germany,2,Drowned,"A 21-year-old man was swimming in the Gumpen waterfall pool. The waterfalls are hard to reach, but social media posts from recent years made them famous for a great view of the lake, the gushing waters, and people bathing in tiny natural pools. When the man was unable to free himself from the waterfall swirl, his friend of the same age jumped in to help him out of the 4–6 °C cold water. Both drowned.","['cite_ref-205', 'cite_ref-206']"
2019-07-04,Spain,2,Fall,"Two men aged 20 and 25 from Somerset, England, died while reportedly taking a selfie on holiday in Spain. They were at Punta Prima Beach, near the town of Torrevieja.",['cite_ref-207']
2019-07-14,Italy,1,Fall,A 22-year-old man died after falling from a cliff with a waterfall.,"['cite_ref-208', 'cite_ref-209']"
2019-07-15,Pakistan,1,Fall,A college student fell into Kabul River in Nowshera district of Khyber Pakhtunkhwa while taking a selfie.,['cite_ref-210']
2019-07-16,Pakistan,2,Drowned,"A 17-year-old girl slipped while taking a selfie and fell into a river. Her father jumped into the river in an attempt to rescue her, but was also swept away by the flowing water.",['cite_ref-211']
2019-08-17,Australia,1,Fall,A 27-year-old woman died after falling from cliff at one of Sydney's most popular selfie spots.,['cite_ref-212']
2019-09-03,India,1,Fall,"Woman from Madhya Pradesh fell at least 200 feet to her death, while allegedly clicking a selfie on her way to a temple on a hilltop in Pavagadh hill station.",['cite_ref-213']
2019-10-07,India,4,Fall,"Wedding guests fall from a dam in India, four drown.","['cite_ref-214', 'cite_ref-215']"
2019-11-14,Thailand,1,Fall,A 33 year-old died when they were on a waterfall and they attempted to take a selfie and they slipped and fell from the waterfall.,['cite_ref-216']
2020-01-08,Colombia,1,Fall,"A 29-year-old woman died after falling 10m down in a waterfall in Sucre, Cauca. According to eyewitness, the woman was attempting to take a selfie, ignoring the written warnings about risk of falling. A year before, a man died in the same place under similar circumstances.",['cite_ref-217']
2020-01-12,Australia,1,Fall,"A 21-year-old woman from Lincoln, England, fell from a 98-foot-high cliff in Diamond Bay Reserve in Sydney, Australia. According to police, the woman accompanied by seven friends, climbed a fence to sit on the edge of the cliff and take selfies. The Diamond Bay Reserve is known as a tourist attraction.",['cite_ref-218']
2020-04-30,Turkey,1,Fall,"A 31-year-old resident from Kazakhstan fell from a 115-foot-high cliff trying to take a selfie with a waterfall in the picture to celebrate the lifting of the COVID-19 lockdown of the city. Duden Park in Antalya, Turkey, is a known popular destination for tourists.",['cite_ref-219']
2020-12-12,Australia,1,Fall,"A 38-year-old woman from North Victoria fell 80 meters and died on scene at The Grampians in Victoria at a popular tourist photo spot. According to local authorities, she jumped over a safety barrier and tripped off the cliff edge.",['cite_ref-220']
2021-01-12,Slovenia,1,Transport,"A fatal accident in Maribor, Slovenia happened when two minors were taking selfies in front of an oncoming train between two tracks. One of them was killed and the other managed to bounce, but ended up in hospital due to the shock. The unfortunate 14-year-old minor who died and her friend were photographed between the tracks next to the railway platform in front of a train coming from the direction of Ljubljana at high speed.",['cite_ref-221']
2021-05-16,Indonesia,9,Drowned,"A boat overloaded with 20 people in a reservoir in Central Java capsized when the passengers all suddenly moved to one side of the vessel, which was helmed by a 13-year-old, to take a group selfie. Nine of the passengers drowned, including two children.",['cite_ref-222']
